Relevant?	Bulletin Month	CVE Identifier	Severity	Affected Versions	Commit URL(s)	External Repository?	Repository Prefix	Files
true	2015-08-01	CVE-2015-3837	High	5.1 and below	https://android.googlesource.com/platform/external/conscrypt/+/edf7055461e2d7fa18de5196dca80896a56e3540	true	/platform/external/conscrypt/	src/main/java/org/conscrypt/OpenSSLX509Certificate.java
true	2015-08-01	CVE-2015-3843	High	5.1 and below	https://android.googlesource.com/platform/frameworks/opt/telephony/+/b48581401259439dc5ef6dcf8b0f303e4cbefbe9, https://android.googlesource.com/platform/packages/apps/Stk/+/1d8e00160c07ae308e5b460214eb2a425b93ccf7, https://android.googlesource.com/platform/frameworks/base/+/a5e904e7eb3aaec532de83ca52e24af18e0496b4, https://android.googlesource.com/platform/packages/services/Telephony/+/fcb1d13c320dd1a6350bc7af3166929b4d54a456	false	(multiple)	src/java/com/android/internal/telephony/cat/AppInterface.java, src/java/com/android/internal/telephony/cat/CatService.java
true	2015-08-01	CVE-2015-1541 	Moderate	5.1 	https://android.googlesource.com/platform/frameworks/base/+/0b98d304c467184602b4c6bce76fda0b0274bc07	false	/platform/frameworks/base/	core/java/android/appwidget/AppWidgetHost.java, services/appwidget/java/com/android/server/appwidget/AppWidgetServiceImpl.java
true	2015-08-01	CVE-2015-3833 	Moderate	5.0 and 5.1 	https://android.googlesource.com/platform/frameworks/base/+/aaa0fee0d7a8da347a0c47cef5249c70efee209e	false	/platform/frameworks/base/	services/core/java/com/android/server/am/ActivityManagerService.java
true	2015-08-01	CVE-2015-3844 	Moderate	5.1 and below	https://android.googlesource.com/platform/frameworks/base/+/e3cde784e3d99966f313fe00dcecf191f6a44a31	false	/platform/frameworks/base/	services/core/java/com/android/server/am/ActivityManagerService.java
true	2015-09-01	CVE-2015-3858	High	5.1 and below	https://android.googlesource.com/platform/frameworks/opt/telephony/+/df31d37d285dde9911b699837c351aed2320b586	false	/platform/frameworks/opt/telephony/	src/java/com/android/internal/telephony/SMSDispatcher.java
true	2015-10-01	CVE-2015-3865	High	5.1 and below	https://android.googlesource.com/platform%2Fframeworks%2Fbase/+/ff8dc21278b19b22ed8dc9f9475850838336d351, https://android.googlesource.com/platform%2Fcts/+/3f7334822ba4cc53f81f22f3519093bf4e1d7f89	false	(multiple)	hostsidetests/jdwpsecurity/app/src/com/android/cts/jdwpsecurity/JdwpTest.java, hostsidetests/jdwpsecurity/src/android/jdwpsecurity/cts/JdwpSecurityHostTest.java
true	2015-10-01	CVE-2015-3878	Moderate	5.0 - 6.0	https://android.googlesource.com/platform/frameworks/base/+/b3145760db5d58a107fd1ffd8eeec67d983d45f3	false	/platform/frameworks/base/	packages/SystemUI/src/com/android/systemui/media/MediaProjectionPermissionActivity.java
true	2015-10-01	CVE-2015-3847	Moderate	5.1 and below	https://android.googlesource.com/platform%2Fpackages%2Fapps%2FBluetooth/+/19004c751f36aa2b01d3e03d4f761d8897542bd2	false	/platform/packages/apps/Bluetooth/	src/com/android/bluetooth/map/BluetoothMapContentObserver.java
true	2015-11-01	CVE-2015-6614	Moderate	5.0, 5.1	https://android.googlesource.com/platform%2Fframeworks%2Fopt%2Ftelephony/+/70dd1f77873913635288e513564a6c93ae4d0a26, https://android.googlesource.com/platform%2Fframeworks%2Fbase/+/a12044215b1148826ea9a88d5d1102378b13922f, https://android.googlesource.com/platform%2Fframeworks%2Fbase/+/2b6af396ad14def9a967f62cccc87ee715823bb1	false	(multiple)	src/java/com/android/internal/telephony/dataconnection/DataConnection.java, src/java/com/android/internal/telephony/dataconnection/DcTracker.java, core/java/android/net/ConnectivityManager.java, core/java/android/net/NetworkCapabilities.java, core/java/android/net/NetworkRequest.java, services/core/java/com/android/server/ConnectivityService.java, services/core/java/com/android/server/NetworkManagementService.java, core/java/android/net/NetworkCapabilities.java
true	2015-12-01	CVE-2015-6621	High	5.0, 5.1, and 6.0	https://android.googlesource.com/platform%2Fframeworks%2Fbase/+/e70e8ac93807c51240b2cd9afed35bf454ea00b3	false	/platform/frameworks/base/	packages/SystemUI/src/com/android/systemui/statusbar/BaseStatusBar.java, packages/SystemUI/src/com/android/systemui/statusbar/phone/ActivityStarter.java, packages/SystemUI/src/com/android/systemui/statusbar/phone/QSTileHost.java, packages/SystemUI/src/com/android/systemui/statusbar/phone/StatusBarHeaderView.java
true	2015-12-01	CVE-2015-6623	High	6.0	https://android.googlesource.com/platform%2Fframeworks%2Fopt%2Fnet%2Fwifi/+/a15a2ee69156fa6fff09c0dd9b8182cb8fafde1c	false	/platform/frameworks/opt/net/wifi/	service/java/com/android/server/wifi/WifiConfigStore.java, service/java/com/android/server/wifi/WifiServiceImpl.java
true	2015-12-01	CVE-2015-6629	High	5.1 and 5.0	https://android.googlesource.com/platform%2Fframeworks%2Fopt%2Fnet%2Fwifi/+/8b41627f7411306a0c42867fb526fa214f2991cd	false	/platform/frameworks/opt/net/wifi/	service/java/com/android/server/wifi/WifiNative.java
true	2015-12-01	CVE-2015-6625	Moderate	6.0	https://android.googlesource.com/platform%2Fframeworks%2Fopt%2Fnet%2Fwifi/+/29fa7d2ffc3bba55173969309e280328b43eeca1	false	/platform/frameworks/opt/net/wifi/	service/java/com/android/server/wifi/WifiScanningServiceImpl.java
true	2015-12-01	CVE-2015-6630	Moderate	5.0, 5.1, and 6.0	https://android.googlesource.com/platform%2Fframeworks%2Fbase/+/51c2619c7706575a171cf29819db14e91b815a62	false	/platform/frameworks/base/	packages/SystemUI/src/com/android/systemui/statusbar/phone/PhoneStatusBarPolicy.java
true	2016-01-01	CVE-2015-6641	High	6.0, 6.0.1	https://android.googlesource.com/platform%2Fpackages%2Fapps%2FSettings/+/98f11fd1a4752beed56b5fe7a4097ec0ae0c74b3, https://android.googlesource.com/platform%2Fframeworks%2Fbase/+/ccbe7383e63d7d23bac6bccc8e4094fe474645ec	false	(multiple)	src/com/android/settings/bluetooth/BluetoothPairingDialog.java, packages/SettingsLib/src/com/android/settingslib/bluetooth/CachedBluetoothDevice.java
true	2016-01-01	CVE-2015-6643	Moderate	5.1.1, 6.0, 6.0.1	https://android.googlesource.com/platform/packages/apps/Settings/+/665ac7bc29396fd5af2ecfdfda2b9de7a507daa0, https://android.googlesource.com/platform/packages/apps/Settings/+/a7ff2e955d2509ed28deeef984347e093794f92b	false	/platform/packages/apps/Settings/	src/com/android/settings/DevelopmentSettings.java, src/com/android/settings/DeviceInfoSettings.java, src/com/android/settings/MasterClearConfirm.java
true	2016-01-01	CVE-2015-6644	Moderate	4.4.4, 5.0, 5.1.1, 6.0, 6.0.1	https://android.googlesource.com/platform/external/bouncycastle/+/3e128c5fea3a0ca2d372aa09c4fd4bb0eadfbd3f	true	/platform/external/bouncycastle/	bcprov/src/main/java/org/bouncycastle/crypto/modes/GCMBlockCipher.java
true	2016-01-01	CVE-2015-6645	Moderate	4.4.4, 5.0, 5.1.1, 6.0	https://android.googlesource.com/platform%2Fframeworks%2Fbase/+/c0f39c1ece72a05c796f7ba30b7a2b5b580d5025	false	/platform/frameworks/base/	core/java/android/content/PeriodicSync.java, services/core/java/com/android/server/content/SyncManager.java, services/tests/servicestests/src/com/android/server/content/SyncManagerTest.java
true	2016-02-01	CVE-2016-0812	Moderate	5.1.1, 6.0	https://android.googlesource.com/platform%2Fframeworks%2Fbase/+/84669ca8de55d38073a0dcb01074233b0a417541	false	/platform/frameworks/base/	policy/src/com/android/internal/policy/impl/PhoneWindowManager.java
true	2016-02-01	CVE-2016-0813	Moderate	5.1.1, 6.0, 6.0.1	https://android.googlesource.com/platform%2Fframeworks%2Fbase/+/16a76dadcc23a13223e9c2216dad1fe5cad7d6e1	false	/platform/frameworks/base/	packages/SystemUI/src/com/android/systemui/recents/AlternateRecentsComponent.java
true	2016-03-01	CVE-2016-0818	Critical	4.4.4, 5.0.2, 5.1.1, 6.0, 6.0.1	https://android.googlesource.com/platform/external/conscrypt/+/c4ab1b959280413fb11bf4fd7f6b4c2ba38bd779, https://android.googlesource.com/platform/external/conscrypt/+/4c9f9c2201116acf790fca25af43995d29980ee0	true	/platform/external/conscrypt/	src/platform/java/org/conscrypt/TrustManagerImpl.java, src/platform/java/org/conscrypt/TrustedCertificateIndex.java
true	2016-03-01	CVE-2016-0831	Moderate	5.0.2, 5.1.1, 6.0, 6.0.1	https://android.googlesource.com/platform/frameworks/opt/telephony/+/79eecef63f3ea99688333c19e22813f54d4a31b1	false	/platform/frameworks/opt/telephony/	src/java/com/android/internal/telephony/PhoneSubInfoController.java
true	2016-05-01	CVE-2016-2461	Moderate	6.0, 6.0.1	https://android.googlesource.com/platform/external/conscrypt/+/50d0447566db4a77d78d592f1c1b5d31096fac8f, https://android.googlesource.com/platform/external/conscrypt/+/1638945d4ed9403790962ec7abed1b7a232a9ff8	true	/platform/external/conscrypt/	src/main/java/org/conscrypt/OpenSSLCipher.java, src/main/java/org/conscrypt/OpenSSLCipher.java
true	2016-05-01	CVE-2016-2462	Moderate	6.0, 6.0.1	https://android.googlesource.com/platform/external/conscrypt/+/8bec47d2184fca7e8b7337d2a65b2b75a9bc8f54	true	/platform/external/conscrypt/	src/main/java/org/conscrypt/OpenSSLCipher.java
true	2016-05-01	CVE-2016-2457	Moderate	5.0.2, 5.1.1, 6.0, 6.0.1	https://android.googlesource.com/platform/frameworks/base/+/12332e05f632794e18ea8c4ac52c98e82532e5db	false	/platform/frameworks/base/	services/core/java/com/android/server/pm/UserManagerService.java
true	2016-05-01	CVE-2016-2458	Moderate	5.0.2, 5.1.1, 6.0, 6.0.1	https://android.googlesource.com/platform/packages/apps/UnifiedEmail/+/a55168330d9326ff2120285763c818733590266a, https://android.googlesource.com/platform/packages/apps/Email/+/2791f0b33b610247ef87278862e66c6045f89693	false	(multiple)	src/com/android/mail/compose/ComposeActivity.java, src/com/android/email/activity/ComposeActivityEmail.java
true	2016-06-01	CVE-2016-2496	Moderate	6.0, 6.1	https://android.googlesource.com/platform/frameworks/native/+/03a53d1c7765eeb3af0bc34c3dff02ada1953fbf, https://android.googlesource.com/platform/frameworks/base/+/613f63b938145bb86cd64fe0752eaf5e99b5f628, https://android.googlesource.com/platform/packages/apps/PackageInstaller/+/2068c7997265011ddc5e4dfa3418407881f7f81e	false	(multiple)	core/java/android/view/MotionEvent.java, src/com/android/packageinstaller/permission/ui/SecureButtonView.java
true	2016-06-01	CVE-2016-2500	Moderate	5.0.2, 5.1.1, 6.0, 6.0.1	https://android.googlesource.com/platform/frameworks/base/+/9878bb99b77c3681f0fda116e2964bac26f349c3	false	/platform/frameworks/base/	services/core/java/com/android/server/am/ActivityManagerService.java, services/core/java/com/android/server/am/ProcessRecord.java
true	2016-07-01	CVE-2016-3749	High	6.0, 6.0.1	https://android.googlesource.com/platform/frameworks/base/+/e83f0f6a5a6f35323f5367f99c8e287c440f33f5	false	/platform/frameworks/base/	services/core/java/com/android/server/LockSettingsService.java
true	2016-07-01	CVE-2016-3752	High	6.0, 6.0.1	https://android.googlesource.com/platform/frameworks/base/+/ddbf2db5b946be8fdc45c7b0327bf560b2a06988	false	/platform/frameworks/base/	core/java/com/android/internal/app/ChooserActivity.java
true	2016-07-01	CVE-2016-3759	Moderate	5.0.2, 5.1.1, 6.0, 6.0.1	https://android.googlesource.com/platform/frameworks/base/+/9b8c6d2df35455ce9e67907edded1e4a2ecb9e28	false	/platform/frameworks/base/	services/backup/java/com/android/server/backup/BackupManagerService.java, services/core/java/com/android/server/SystemConfig.java
true	2016-07-01	CVE-2016-3760	Moderate	5.0.2, 5.1.1, 6.0, 6.0.1	https://android.googlesource.com/platform/hardware/libhardware/+/8b3d5a64c3c8d010ad4517f652731f09107ae9c5, https://android.googlesource.com/platform/system/bt/+/37c88107679d36c419572732b4af6e18bb2f7dce, https://android.googlesource.com/platform/packages/apps/Bluetooth/+/122feb9a0b04290f55183ff2f0384c6c53756bd8	false	(multiple)	src/com/android/bluetooth/btservice/AdapterService.java, src/com/android/bluetooth/btservice/AdapterState.java
true	2016-07-01	CVE-2016-3761	Moderate	4.4.4, 5.0.2, 5.1.1, 6.0, 6.0.1	https://android.googlesource.com/platform/packages/apps/Nfc/+/9ea802b5456a36f1115549b645b65c791eff3c2c	false	/platform/packages/apps/Nfc/	src/com/android/nfc/NfcService.java
true	2016-07-01	CVE-2016-3763	Moderate	4.4.4, 5.0.2, 5.1.1, 6.0, 6.0.1	https://android.googlesource.com/platform/frameworks/base/+/ec2fc50d202d975447211012997fe425496c849c	false	/platform/frameworks/base/	core/java/android/net/PacProxySelector.java
true	2016-08-01	CVE-2016-3831	High	4.4.4, 5.0.2, 5.1.1, 6.0, 6.0.1	https://android.googlesource.com/platform/frameworks/opt/telephony/+/f47bc301ccbc5e6d8110afab5a1e9bac1d4ef058	false	/platform/frameworks/opt/telephony/	src/java/com/android/internal/telephony/cdma/CdmaServiceStateTracker.java, src/java/com/android/internal/telephony/gsm/GsmServiceStateTracker.java
true	2016-08-01	CVE-2016-3832	Moderate	4.4.4, 5.0.2, 5.1.1, 6.0, 6.0.1	https://android.googlesource.com/platform/frameworks/base/+/e7cf91a198de995c7440b3b64352effd2e309906	false	/platform/frameworks/base/	core/java/android/app/ActivityManagerNative.java, core/java/android/app/IActivityManager.java, services/backup/java/com/android/server/backup/BackupManagerService.java, services/core/java/com/android/server/am/ActivityManagerService.java
true	2016-08-01	CVE-2016-3833	Moderate	5.0.2, 5.1.1, 6.0, 6.0.1	https://android.googlesource.com/platform/frameworks/base/+/01875b0274e74f97edf6b0d5c92de822e0555d03, https://android.googlesource.com/platform/frameworks/base/+/4e4743a354e26467318b437892a9980eb9b8328a	false	/platform/frameworks/base/	services/core/java/com/android/server/pm/UserManagerService.java, cmds/pm/src/com/android/commands/pm/Pm.java
true	2016-08-01	CVE-2016-3838	Moderate	6.0, 6.0.1	https://android.googlesource.com/platform/frameworks/base/+/468651c86a8adb7aa56c708d2348e99022088af3	false	/platform/frameworks/base/	packages/Keyguard/src/com/android/keyguard/EmergencyButton.java, services/core/java/com/android/server/am/ActivityManagerService.java, services/core/java/com/android/server/am/ActivityStackSupervisor.java
true	2016-08-01	CVE-2016-3840	Critical	4.4.4, 5.0.2, 5.1.1, 6.0, 6.0.1	https://android.googlesource.com/platform/external/conscrypt/+/5af5e93463f4333187e7e35f3bd2b846654aa214	true	/platform/external/conscrypt/	src/main/java/org/conscrypt/NativeCrypto.java, src/main/java/org/conscrypt/SSLParametersImpl.java
true	2016-08-01	CVE-2016-2497	Moderate	4.4.4, 5.0.2, 5.1.1, 6.0, 6.0.1	https://android.googlesource.com/platform/frameworks/base/+/a75537b496e9df71c74c1d045ba5569631a16298	false	/platform/frameworks/base/	core/java/android/content/IntentFilter.java, services/core/java/com/android/server/pm/PackageManagerService.java
true	2016-09-01	CVE-2016-3862	Critical	4.4.4, 5.0.2, 5.1.1, 6.0, 6.0.1	https://android.googlesource.com/platform/frameworks/base/+/e739d9ca5469ed30129d0fa228e3d0f2878671ac	false	/platform/frameworks/base/	media/java/android/media/ExifInterface.java
true	2016-09-01	CVE-2016-3875	High	6.0, 6.0.1	https://android.googlesource.com/platform/frameworks/base/+/69729fa8b13cadbf3173fe1f389fe4f3b7bd0f9c	false	/platform/frameworks/base/	services/core/java/com/android/server/wm/WindowManagerService.java
true	2016-09-01	CVE-2016-3876	High	6.0, 6.0.1, 7.0	https://android.googlesource.com/platform/frameworks/base/+/91fc934bb2e5ea59929bb2f574de6db9b5100745	false	/platform/frameworks/base/	packages/SettingsProvider/src/com/android/providers/settings/SettingsProvider.java, services/core/java/com/android/server/pm/UserRestrictionsUtils.java
true	2016-09-01	CVE-2016-3883	Moderate	4.4.4, 5.0.2, 5.1.1, 6.0, 6.0.1, 7.0	https://android.googlesource.com/platform/frameworks/opt/telephony/+/b2c89e6f8962dc7aff88cb38aa3ee67d751edda9	false	/platform/frameworks/opt/telephony/	src/java/com/android/internal/telephony/SMSDispatcher.java
true	2016-09-01	CVE-2016-3884	Moderate	6.0, 6.0.1, 7.0	https://android.googlesource.com/platform/frameworks/base/+/61e9103b5725965568e46657f4781dd8f2e5b623	false	/platform/frameworks/base/	services/core/java/com/android/server/notification/NotificationManagerService.java
true	2016-09-01	CVE-2016-3886	Moderate	7.0	https://android.googlesource.com/platform/frameworks/base/+/6ca6cd5a50311d58a1b7bf8fbef3f9aa29eadcd5	false	/platform/frameworks/base/	packages/SystemUI/src/com/android/systemui/statusbar/phone/QuickStatusBarHeader.java
true	2016-09-01	CVE-2016-3887	Moderate	7.0	https://android.googlesource.com/platform/frameworks/base/+/335702d106797bce8a88044783fa1fc1d5f751d0	false	/platform/frameworks/base/	packages/SettingsProvider/src/com/android/providers/settings/SettingsProvider.java
true	2016-09-01	CVE-2016-3888	Moderate	4.4.4, 5.0.2, 5.1.1, 6.0, 6.0.1, 7.0	https://android.googlesource.com/platform/frameworks/opt/telephony/+/b8d1aee993dcc565e6576b2f2439a8f5a507cff6	false	/platform/frameworks/opt/telephony/	src/java/com/android/internal/telephony/SMSDispatcher.java
true	2016-09-01	CVE-2016-3889	Moderate	6.0, 6.0.1, 7.0	https://android.googlesource.com/platform/frameworks/base/+/e206f02d46ae5e38c74d138b51f6e1637e261abe, https://android.googlesource.com/platform/packages/apps/Settings/+/bd5d5176c74021e8cf4970f93f273ba3023c3d72	false	(multiple)	packages/SettingsLib/src/com/android/settingslib/HelpUtils.java, packages/SettingsLib/src/com/android/settingslib/drawer/TileUtils.java, src/com/android/settings/users/UserSettings.java
true	2016-09-01	CVE-2016-3897	Moderate	4.4.4, 5.0.2, 5.1.1, 6.0, 6.0.1	https://android.googlesource.com/platform/frameworks/base/+/55271d454881b67ff38485fdd97598c542cc2d55, https://android.googlesource.com/platform/frameworks/base/+/81be4e3aac55305cbb5c9d523cf5c96c66604b39	false	/platform/frameworks/base/	wifi/java/android/net/wifi/WifiEnterpriseConfig.java, wifi/java/android/net/wifi/WifiEnterpriseConfig.java
true	2016-10-01	CVE-2016-3908	High	6.0, 6.0.1, 7.0	https://android.googlesource.com/platform/frameworks/base/+/96daf7d4893f614714761af2d53dfb93214a32e4	false	/platform/frameworks/base/	core/java/com/android/internal/widget/LockPatternUtils.java, services/core/java/com/android/server/LockSettingsService.java
true	2016-10-01	CVE-2016-3911	High	4.4.4, 5.0.2, 5.1.1, 6.0, 6.0.1, 7.0	https://android.googlesource.com/platform/frameworks/base/+/2c7008421cb67f5d89f16911bdbe36f6c35311ad	false	/platform/frameworks/base/	core/java/android/os/Process.java
true	2016-10-01	CVE-2016-3912	High	4.4.4, 5.0.2, 5.1.1, 6.0, 6.0.1, 7.0	https://android.googlesource.com/platform/frameworks/base/+/6c049120c2d749f0c0289d822ec7d0aa692f55c5	false	/platform/frameworks/base/	services/core/java/com/android/server/am/ActivityManagerService.java, services/core/java/com/android/server/am/BroadcastQueue.java
true	2016-10-01	CVE-2016-3914	High	4.4.4, 5.0.2, 5.1.1, 6.0, 6.0.1, 7.0	https://android.googlesource.com/platform/packages/providers/TelephonyProvider/+/3a3a5d145d380deef2d5b7c3150864cd04be397f	false	/platform/packages/providers/TelephonyProvider/	src/com/android/providers/telephony/MmsProvider.java
true	2016-10-01	CVE-2016-3917	High	6.0.1, 7.0	https://android.googlesource.com/platform/frameworks/base/+/f5334952131afa835dd3f08601fb3bced7b781cd	false	/platform/frameworks/base/	core/java/android/hardware/fingerprint/FingerprintManager.java, packages/Keyguard/src/com/android/keyguard/KeyguardUpdateMonitor.java, services/core/java/com/android/server/fingerprint/AuthenticationClient.java, services/core/java/com/android/server/fingerprint/FingerprintService.java
true	2016-10-01	CVE-2016-3918	High	4.4.4, 5.0.2, 5.1.1, 6.0, 6.0.1, 7.0	https://android.googlesource.com/platform/packages/apps/Email/+/6b2b0bd7c771c698f11d7be89c2c57c8722c7454	false	/platform/packages/apps/Email/	provider_src/com/android/email/provider/AttachmentProvider.java
true	2016-10-01	CVE-2016-3882	High	6.0, 6.0.1, 7.0	https://android.googlesource.com/platform/frameworks/opt/net/wifi/+/35a86eef3c0eef760f7e61c52a343327ba601630	false	/platform/frameworks/opt/net/wifi/	service/java/com/android/server/wifi/anqp/VenueNameElement.java
true	2016-10-01	CVE-2016-5348	High	4.4.4, 5.0.2, 5.1.1, 6.0, 6.0.1, 7.0	https://android.googlesource.com/platform/frameworks/base/+/218b813d5bc2d7d3952ea1861c38b4aa944ac59b	false	/platform/frameworks/base/	services/core/java/com/android/server/location/GpsXtraDownloader.java
true	2016-10-01	CVE-2016-3923	Moderate	7.0	https://android.googlesource.com/platform/frameworks/base/+/5f256310187b4ff2f13a7abb9afed9126facd7bc	false	/platform/frameworks/base/	core/java/android/accessibilityservice/AccessibilityService.java, core/java/android/accessibilityservice/GestureDescription.java, services/accessibility/java/com/android/server/accessibility/AccessibilityManagerService.java
true	2016-10-01	CVE-2016-3925	Moderate	6.0, 6.0.1, 7.0	https://android.googlesource.com/platform/frameworks/opt/net/wifi/+/c2905409c20c8692d4396b8531b09e7ec81fa3fb	false	/platform/frameworks/opt/net/wifi/	service/java/com/android/server/wifi/anqp/ANQPFactory.java
true	2016-11-01	CVE-2016-6708	High	7.0	https://android.googlesource.com/platform/frameworks/base/+/c9c73fde339b4db496f2c1ff8c18df1e9db5a7c1	false	/platform/frameworks/base/	services/core/java/com/android/server/am/ActivityManagerService.java, services/core/java/com/android/server/am/ActivityStackSupervisor.java, services/core/java/com/android/server/am/ActivityStarter.java, services/devicepolicy/java/com/android/server/devicepolicy/DevicePolicyManagerService.java
true	2016-11-01	CVE-2016-6710	High	5.0.2, 5.1.1, 6.0, 6.0.1, 7.0	https://android.googlesource.com/platform/frameworks/base/+/9fab683c9598d234dd8461335c276ed3e37c91e8, https://android.googlesource.com/platform/packages/providers/DownloadProvider/+/243e62949f7208d3b82eda3ee4ec22d3dbc1fb19	false	(multiple)	core/java/android/app/DownloadManager.java, src/com/android/providers/downloads/DownloadProvider.java
true	2016-11-01	CVE-2015-0410	High	7.0	https://android.googlesource.com/platform/libcore/+/21098574528bdf99dd50a74a60e161573e999108	false	/platform/libcore/	ojluni/src/main/java/sun/security/util/DerIndefLenConverter.java, ojluni/src/main/java/sun/security/util/DerInputStream.java
true	2016-11-01	CVE-2016-6715	Moderate	4.4.4, 5.0.2, 5.1.1, 6.0, 6.0.1, 7.0	https://android.googlesource.com/platform/frameworks/base/+/3de09838fb0996bb4b420630800ad34e828fd1b6	false	/platform/frameworks/base/	services/core/java/com/android/server/media/MediaSessionService.java
true	2016-11-01	CVE-2016-6716	Moderate	7.0	https://android.googlesource.com/platform/packages/apps/Launcher3/+/e83fc11c982e67dd0181966f5f3a239ea6b14924	false	/platform/packages/apps/Launcher3/	src/com/android/launcher3/InstallShortcutReceiver.java, src/com/android/launcher3/Launcher.java, src/com/android/launcher3/util/PackageManagerHelper.java
true	2016-11-01	CVE-2016-6718	Moderate	7.0	https://android.googlesource.com/platform/frameworks/base/+/fecfd550edeca422c0d9f32a9c0abe73398a1ff1	false	/platform/frameworks/base/	core/java/android/accounts/AccountManager.java, services/core/java/com/android/server/accounts/AccountManagerService.java
true	2016-11-01	CVE-2016-6719	Moderate	4.4.4, 5.0.2, 5.1.1, 6.0, 6.0.1, 7.0	https://android.googlesource.com/platform/packages/apps/Bluetooth/+/e1b6db10e913c09d0b695368336137f6aabee462, https://android.googlesource.com/platform/frameworks/base/+/b1dc1757071ba46ee653d68f331486e86778b8e4	false	(multiple)	src/com/android/bluetooth/btservice/AdapterService.java, core/java/android/bluetooth/BluetoothDevice.java
true	2016-11-01	CVE-2016-6723	Moderate	4.4.4, 5.0.2, 5.1.1, 6.0, 6.0.1, 7.0	https://android.googlesource.com/platform/frameworks/base/+/d5b0d0b1df2e1a7943a4bb2034fd21487edd0264, https://android.googlesource.com/platform/frameworks/base/+/31f351160cdfd9dbe9919682ebe41bde3bcf91c6	false	/platform/frameworks/base/	services/core/java/com/android/server/connectivity/PacManager.java, services/core/java/com/android/server/connectivity/PacManager.java
true	2016-11-01	CVE-2016-6724	Moderate	4.4.4, 5.0.2, 5.1.1, 6.0, 6.0.1, 7.0	https://android.googlesource.com/platform/frameworks/base/+/7625010a2d22f8c3f1aeae2ef88dde37cbebd0bf	false	/platform/frameworks/base/	services/core/java/com/android/server/InputMethodManagerService.java
true	2016-12-01	CVE-2016-6763	High	4.4.4, 5.0.2, 5.1.1, 6.0, 6.0.1, 7.0	https://android.googlesource.com/platform/packages/services/Telephony/+/1294620627b1e9afdf4bd0ad51c25ed3daf80d84	false	/platform/packages/services/Telephony/	src/com/android/phone/sip/SipEditor.java, src/com/android/phone/sip/SipProfileDb.java
true	2016-12-01	CVE-2016-6770	Moderate	4.4.4, 5.0.2, 5.1.1, 6.0, 6.0.1, 7.0	https://android.googlesource.com/platform/frameworks/base/+/2c61c57ac53cbb270b4e76b9d04465f8a3f6eadc	false	/platform/frameworks/base/	services/core/java/com/android/server/am/ActivityManagerService.java
true	2016-12-01	CVE-2016-6774	Moderate	7.0	https://android.googlesource.com/platform/frameworks/base/+/e2d4f5fc313ecb4ba587b20fff6d346f8cd51775	false	/platform/frameworks/base/	services/core/java/com/android/server/pm/PackageManagerShellCommand.java
true	2017-01-01	CVE-2017-0388	High	6.0, 6.0.1, 7.0, 7.1.1	https://android.googlesource.com/platform/frameworks/base/+/47e62b7fe6807a274ba760a8fecfd624fe792da9	false	/platform/frameworks/base/	packages/ExternalStorageProvider/src/com/android/externalstorage/ExternalStorageProvider.java
true	2017-01-01	CVE-2017-0389	High	6.0, 6.0.1, 7.0, 7.1.1	https://android.googlesource.com/platform/frameworks/base/+/a014b6be3c7c6fb5cf9352a05baf84fca7a133c7, https://android.googlesource.com/platform/frameworks/base/+/47e81a2596b00ee7aaca58716ff164a1708b0b29, https://android.googlesource.com/platform/frameworks/base/+/006e0613016c1a0e0627f992f5a93a7b7198edba#	false	/platform/frameworks/base/	services/tests/servicestests/src/android/net/dhcp/DhcpPacketTest.java, services/net/java/android/net/dhcp/DhcpClient.java, core/java/android/net/metrics/DhcpErrorEvent.java, services/net/java/android/net/dhcp/DhcpPacket.java, services/tests/servicestests/src/android/net/dhcp/DhcpPacketTest.java
true	2017-01-01	CVE-2017-0394	High	5.0.2, 5.1.1, 6.0, 6.0.1, 7.0, 7.1.1	https://android.googlesource.com/platform/packages/services/Telephony/+/1cdced590675ce526c91c6f8983ceabb8038f58d	false	/platform/packages/services/Telephony/	sip/src/com/android/services/telephony/sip/SipConnection.java
true	2017-01-01	CVE-2017-0395	Moderate	4.4.4, 5.0.2, 5.1.1, 6.0, 6.0.1, 7.0, 7.1.1	https://android.googlesource.com/platform/packages/apps/ContactsCommon/+/d47661ad82d402c1e0c90eb83970687d784add1b	false	/platform/packages/apps/ContactsCommon/	src/com/android/contacts/common/activity/RequestImportVCardPermissionsActivity.java, src/com/android/contacts/common/activity/RequestPermissionsActivity.java, src/com/android/contacts/common/activity/RequestPermissionsActivityBase.java, src/com/android/contacts/common/util/AccountSelectionUtil.java, src/com/android/contacts/common/vcard/ImportVCardActivity.java, src/com/android/contacts/common/vcard/ImportVCardDialogFragment.java
true	2017-02-01	CVE-2016-5552	High	7.0, 7.1.1	https://android.googlesource.com/platform/libcore/+/4b3f2c6c5b84f80fae8eeeb46727811e055715ea	false	/platform/libcore/	ojluni/src/main/java/java/net/URLStreamHandler.java
true	2017-02-01	CVE-2017-0411	High	7.0, 7.1.1	https://android.googlesource.com/platform/frameworks/base/+/203725e4d58e16334d84998c1483c374f541ed9f, https://android.googlesource.com/platform/frameworks/base/+/31a06019d13d7b00ca35fc8512191c643acb8e84	false	/platform/frameworks/base/	core/java/android/util/MemoryIntArray.java, core/tests/utiltests/src/android/util/MemoryIntArrayTest.java, core/tests/utiltests/src/android/util/RemoteIntArray.java, core/tests/utiltests/src/android/util/RemoteMemoryIntArrayService.java, packages/SettingsProvider/src/com/android/providers/settings/GenerationRegistry.java
true	2017-02-01	CVE-2017-0412	High	7.0, 7.1.1	https://android.googlesource.com/platform/frameworks/base/+/203725e4d58e16334d84998c1483c374f541ed9f, https://android.googlesource.com/platform/frameworks/base/+/31a06019d13d7b00ca35fc8512191c643acb8e84	false	/platform/frameworks/base/	core/java/android/util/MemoryIntArray.java, core/tests/utiltests/src/android/util/MemoryIntArrayTest.java, core/tests/utiltests/src/android/util/RemoteIntArray.java, core/tests/utiltests/src/android/util/RemoteMemoryIntArrayService.java, packages/SettingsProvider/src/com/android/providers/settings/GenerationRegistry.java
true	2017-02-01	CVE-2017-0420	High	4.4.4, 5.0.2, 5.1.1, 6.0, 6.0.1, 7.0, 7.1.1	https://android.googlesource.com/platform/packages/apps/UnifiedEmail/+/2073799a165e6aa15117f8ad76bb0c7618b13909	false	/platform/packages/apps/UnifiedEmail/	src/com/android/mail/compose/ComposeActivity.java
true	2017-02-01	CVE-2017-0413	High	6.0, 6.0.1, 7.0, 7.1.1	https://android.googlesource.com/platform/packages/apps/Messaging/+/74059eb379ea07b9c7f46bf2112a60de8e4cfc8e	false	/platform/packages/apps/Messaging/	src/com/android/messaging/ui/mediapicker/DocumentImagePicker.java
true	2017-02-01	CVE-2017-0414	High	6.0, 6.0.1, 7.0, 7.1.1	https://android.googlesource.com/platform/packages/apps/Messaging/+/30ab77f42d20c33c0aa9e6ffd2b164d096db32dd	false	/platform/packages/apps/Messaging/	src/com/android/messaging/datamodel/MediaScratchFileProvider.java, src/com/android/messaging/datamodel/MmsFileProvider.java
true	2017-02-01	CVE-2017-0421	High	5.0.2, 5.1.1, 6.0, 6.0.1, 7.0, 7.1.1	https://android.googlesource.com/platform/frameworks/base/+/858064e946dc8dbf76bff9387e847e211703e336	false	/platform/frameworks/base/	core/java/android/app/ActivityManagerInternal.java, services/core/java/com/android/server/am/ActivityManagerService.java, services/core/java/com/android/server/content/ContentService.java
true	2017-03-01	CVE-2017-0489	Moderate	4.4.4, 5.0.2, 5.1.1, 6.0, 6.0.1, 7.0, 7.1.1	https://android.googlesource.com/platform/frameworks/base/+/d22261fef84481651e12995062105239d551cbc6	false	/platform/frameworks/base/	services/core/java/com/android/server/LocationManagerService.java
true	2017-03-01	CVE-2017-0490	Moderate	6.0, 6.0.1, 7.0, 7.1.1	https://android.googlesource.com/platform/packages/apps/CertInstaller/+/1166ca8adba9b49c9185dad11b28b02e72124d95, https://android.googlesource.com/platform/packages/apps/CertInstaller/+/1ad3b1e3256a226be362de1a4959f2a642d349b7, https://android.googlesource.com/platform/frameworks/opt/net/wifi/+/41c42f5bb544acf8bede2d05c6325657d92bd83c	false	(multiple)	src/com/android/certinstaller/WiFiInstaller.java, service/java/com/android/server/wifi/configparse/ConfigBuilder.java
true	2017-03-01	CVE-2017-0492	Moderate	7.1.1	https://android.googlesource.com/platform/frameworks/base/+/f4bed684c939b0f8809ef404b8609fe4ef849263	false	/platform/frameworks/base/	core/java/android/widget/Toast.java
true	2017-03-01	CVE-2017-0498	Moderate	5.1.1, 6.0, 6.0.1, 7.0, 7.1.1	https://android.googlesource.com/platform/frameworks/base/+/1c4d535d0806dbeb6d2fa5cea0373cbd9ab6d33b, https://android.googlesource.com/platform/frameworks/base/+/5f621b5b1549e8379aee05807652d5111382ccc6	false	/platform/frameworks/base/	core/java/android/service/persistentdata/PersistentDataBlockManager.java, services/core/java/com/android/server/PersistentDataBlockService.java, services/core/java/com/android/server/PersistentDataBlockService.java
true	2017-04-01	CVE-2017-0554	Moderate	4.4.4, 5.0.2, 5.1.1, 6.0, 6.0.1, 7.0, 7.1.1	https://android.googlesource.com/platform/packages/services/Telephony/+/aeb795ef2290af1a0e4b14909363bc574e6b3ee7, https://android.googlesource.com/platform/frameworks/base/+/3294256ba5b9e2ba2d8619d617e3d900e5386564	false	(multiple)	src/com/android/phone/PhoneInterfaceManager.java, services/core/java/com/android/server/connectivity/Tethering.java
true	2017-04-01	CVE-2017-0560	Moderate	4.4.4, 5.0.2, 5.1.1, 6.0, 6.0.1, 7.0, 7.1.1	https://android.googlesource.com/platform/frameworks/base/+/efdec8f5688ce6b0a287eddb6d5dad93ffa0e1ee	false	/platform/frameworks/base/	services/devicepolicy/java/com/android/server/devicepolicy/DevicePolicyManagerService.java
true	2017-05-01	CVE-2017-0593	High	6.0, 6.0.1, 7.0, 7.1.1, 7.1.2	https://android.googlesource.com/platform/frameworks/base/+/78efbc95412b8efa9a44d573f5767ae927927d48	false	/platform/frameworks/base/	services/core/java/com/android/server/pm/PackageManagerService.java
true	2017-05-01	CVE-2017-0493	Moderate	7.0, 7.1.1	https://android.googlesource.com/platform/frameworks/base/+/e4cefbf4fce458489b5f1bebc79dfaf566bcc5d5, https://android.googlesource.com/platform/frameworks/base/+/f806d65e615b942c268a5f68d44bde9d55634972, https://android.googlesource.com/platform/frameworks/base/+/58552f814a03d978b4a6507f3c16f71964f9b28f	false	/platform/frameworks/base/	core/java/android/app/admin/DevicePolicyManager.java, core/java/com/android/internal/widget/LockPatternUtils.java, services/core/java/com/android/server/LockSettingsService.java, services/devicepolicy/java/com/android/server/devicepolicy/DevicePolicyManagerService.java, services/devicepolicy/java/com/android/server/devicepolicy/DevicePolicyManagerService.java, services/devicepolicy/java/com/android/server/devicepolicy/DevicePolicyManagerService.java
true	2017-06-01	CVE-2017-0645	Moderate	6.0.1, 7.0, 7.1.1, 7.1.2	https://android.googlesource.com/platform/packages/apps/Bluetooth/+/14b7d7e1537af60b7bca6c7b9e55df0dc7c6bf41	false	/platform/packages/apps/Bluetooth/	src/com/android/bluetooth/opp/BluetoothOppUtility.java
true	2017-06-01	CVE-2017-0639	High	4.4.4, 5.0.2, 5.1.1, 6.0, 6.0.1, 7.0, 7.1.1, 7.1.2	https://android.googlesource.com/platform/packages/apps/Bluetooth/+/f196061addcc56878078e5684f2029ddbf7055ff	false	/platform/packages/apps/Bluetooth/	src/com/android/bluetooth/opp/BluetoothOppHandoverReceiver.java, src/com/android/bluetooth/opp/BluetoothOppLauncherActivity.java, src/com/android/bluetooth/opp/BluetoothOppManager.java, src/com/android/bluetooth/opp/BluetoothOppSendFileInfo.java, src/com/android/bluetooth/opp/BluetoothOppUtility.java
true	2017-07-01	CVE-2017-3544	Moderate	4.4.4, 5.0.2, 5.1.1, 6.0, 6.0.1, 7.0, 7.1.1, 7.1.2	https://android.googlesource.com/platform/libcore/+/c5dd90d62590425f04a261e0f6c927acca147f88	false	/platform/libcore/	ojluni/src/main/java/sun/net/ftp/impl/FtpClient.java
true	2017-07-01	CVE-2017-0664	High	5.0.2, 5.1.1, 6.0, 6.0.1, 7.0, 7.1.1, 7.1.2	https://android.googlesource.com/platform/frameworks/base/+/59773dc2f213c3e645c7e04881afa0a8e6ffccca	false	/platform/frameworks/base/	core/java/android/view/accessibility/AccessibilityNodeInfo.java
true	2017-07-01	CVE-2017-0668	Moderate	4.4.4, 5.0.2, 5.1.1, 6.0, 6.0.1, 7.0, 7.1.1, 7.1.2	https://android.googlesource.com/platform/packages/providers/DownloadProvider/+/b3e3325d23289a94e66d8ce36a53a7ccf7b52c6d	false	/platform/packages/providers/DownloadProvider/	src/com/android/providers/downloads/DownloadProvider.java
true	2017-07-01	CVE-2017-0669	High	6.0, 6.0.1, 7.0, 7.1.1, 7.1.2	https://android.googlesource.com/platform/packages/providers/MediaProvider/+/7b7ef84234cd3daea0e22025b908b0041885736c	false	/platform/packages/providers/MediaProvider/	src/com/android/providers/media/MediaProvider.java
true	2017-07-01	CVE-2017-0703	High	4.4.4, 5.0.2, 5.1.1, 6.0, 6.0.1, 7.0, 7.1.1, 7.1.2	https://android.googlesource.com/platform/packages/apps/Settings/+/4af8f912aa1ee714638d0f9694d6f856bc8166f3	false	/platform/packages/apps/Settings/	src/com/android/settings/accounts/ManageAccountsSettings.java
true	2017-07-01	CVE-2017-0704	Moderate	7.1.1, 7.1.2	https://android.googlesource.com/platform/packages/apps/Settings/+/179f0e9512100b0a403aab8b2b4cf5510bb20bee	false	/platform/packages/apps/Settings/	src/com/android/settings/ChooseLockGeneric.java, tests/app/src/com/android/settings/ChooseLockGenericTest.java
true	2017-08-01	CVE-2017-0733	High	5.0.2, 5.1.1, 6.0, 6.0.1, 7.0, 7.1.1, 7.1.2	https://android.googlesource.com/platform/frameworks/base/+/6f357fd589e115a74aae25b1ac325af6121cdadf	false	/platform/frameworks/base/	media/java/android/media/MediaHTTPConnection.java
true	2017-09-01	CVE-2017-0752	High	4.4.4, 5.0.2, 5.1.1, 6.0, 6.0.1, 7.0, 7.1.1, 7.1.2	https://android.googlesource.com/platform/frameworks/base/+/6ca2eccdbbd4f11698bd5312812b4d171ff3c8ce, https://android.googlesource.com/platform/packages/apps/Settings/+/fc65be941a4dbebfdbe53cd0bd6cc5cc1142a908	false	(multiple)	core/java/android/view/WindowManager.java, services/core/java/com/android/server/wm/Session.java, services/core/java/com/android/server/wm/WindowManagerService.java, services/core/java/com/android/server/wm/WindowState.java, services/core/java/com/android/server/wm/WindowStateAnimator.java, src/com/android/settings/accessibility/ToggleAccessibilityServicePreferenceFragment.java
true	2017-09-01	CVE-2017-0780	High	6.0, 6.0.1, 7.0, 7.1.1, 7.1.2, 8.0	https://android.googlesource.com/platform/packages/apps/Messaging/+/06cbd7f26ba58399f296d85fd155442c7f2ac837	false	/platform/packages/apps/Messaging/	src/com/android/messaging/datamodel/media/GifImageResource.java
true	2017-09-01	CVE-2017-0784	Moderate	5.0.2, 5.1.1, 6.0, 6.0.1, 7.0, 7.1.1, 7.1.2	https://android.googlesource.com/platform/packages/apps/Nfc/+/e216bc208bc0f0f685d8271ef8a0b5da8fae1088	false	/platform/packages/apps/Nfc/	src/com/android/nfc/BeamShareActivity.java
true	2017-10-01	CVE-2017-0806	High	6.0, 6.0.1, 7.0, 7.1.1, 7.1.2, 8.0	https://android.googlesource.com/platform/frameworks/base/+/b87c968e5a41a1a09166199bf54eee12608f3900	false	/platform/frameworks/base/	core/java/android/service/gatekeeper/GateKeeperResponse.java
true	2017-11-01	CVE-2017-0830	High	6.0, 6.0.1, 7.0, 7.1.1, 7.1.2, 8.0	https://android.googlesource.com/platform/frameworks/base/+/d05d2bac845048f84eebad8060d28332b6eda259	false	/platform/frameworks/base/	services/devicepolicy/java/com/android/server/devicepolicy/DevicePolicyManagerService.java
true	2017-11-01	CVE-2017-0831	High	8.0	https://android.googlesource.com/platform/frameworks/base/+/c510ecb3ec0eeca5425f5bc96fae80ea56f85be6, https://android.googlesource.com/platform/packages/apps/Settings/+/94c52029653426846c50c639e7f6b5404cedd472	false	(multiple)	core/java/android/view/WindowManager.java, services/core/java/com/android/server/wm/Session.java, services/core/java/com/android/server/wm/TaskSnapshotSurface.java, services/core/java/com/android/server/wm/WindowManagerService.java, services/core/java/com/android/server/wm/WindowState.java, services/core/java/com/android/server/wm/WindowSurfaceController.java, src/com/android/settings/Utils.java, src/com/android/settings/accessibility/AccessibilityServiceWarning.java, src/com/android/settings/accessibility/ShortcutServicePickerFragment.java, src/com/android/settings/accessibility/ToggleAccessibilityServicePreferenceFragment.java
true	2017-12-01	CVE-2017-0871	High	8.0	https://android.googlesource.com/platform/frameworks/base/+/8e151bf8999345399208d54663f103921ae5e1c6	false	/platform/frameworks/base/	core/java/android/os/ParcelableException.java
true	2017-12-01	CVE-2017-13157	High	5.1.1, 6.0, 6.0.1, 7.0, 7.1.1, 7.1.2, 8.0	https://android.googlesource.com/platform/frameworks/base/+/dba1bb07e04b51b1bd0a1251711781e731ce9524	false	/platform/frameworks/base/	services/core/java/com/android/server/accounts/AccountManagerService.java, services/core/java/com/android/server/am/ActivityManagerService.java
true	2017-12-01	CVE-2017-13158	High	5.1.1, 6.0, 6.0.1, 7.0, 7.1.1, 7.1.2, 8.0	https://android.googlesource.com/platform/frameworks/base/+/dba1bb07e04b51b1bd0a1251711781e731ce9524	false	/platform/frameworks/base/	services/core/java/com/android/server/accounts/AccountManagerService.java, services/core/java/com/android/server/am/ActivityManagerService.java
true	2017-12-01	CVE-2017-13159	High	5.1.1, 6.0, 6.0.1, 7.0, 7.1.1, 7.1.2, 8.0	https://android.googlesource.com/platform/packages/apps/Settings/+/b5e93969a5e0c3a3f07e068dbc763cdd995a0e21	false	/platform/packages/apps/Settings/	src/com/android/settings/ActivityPicker.java
true	2018-01-01	CVE-2017-13176	High	5.1.1, 6.0, 6.0.1, 7.0, 7.1.1, 7.1.2, 8.0, 8.1	https://android.googlesource.com/platform/frameworks/base/+/4afa0352d6c1046f9e9b67fbf0011bcd751fcbb5	false	/platform/frameworks/base/	core/java/android/net/Uri.java, core/tests/coretests/src/android/net/UriTest.java
