CVE	Commit Hash	File Name	Method Name
CVE-2015-1541 	0b98d304c467184602b4c6bce76fda0b0274bc07	core/java/android/appwidget/AppWidgetHost.java	startAppWidgetConfigureActivityForResult
CVE-2015-1541 	0b98d304c467184602b4c6bce76fda0b0274bc07	services/appwidget/java/com/android/server/appwidget/AppWidgetServiceImpl.java	setBindAppWidgetPermission
CVE-2015-1541 	0b98d304c467184602b4c6bce76fda0b0274bc07	services/appwidget/java/com/android/server/appwidget/AppWidgetServiceImpl.java	createAppWidgetConfigIntentSender
CVE-2015-3833 	aaa0fee0d7a8da347a0c47cef5249c70efee209e	services/core/java/com/android/server/am/ActivityManagerService.java	isGetTasksAllowed
CVE-2015-3833 	aaa0fee0d7a8da347a0c47cef5249c70efee209e	services/core/java/com/android/server/am/ActivityManagerService.java	fillInProcMemInfo
CVE-2015-3844 	e3cde784e3d99966f313fe00dcecf191f6a44a31	services/core/java/com/android/server/am/ActivityManagerService.java	getProcessRecordLocked
CVE-2015-3878	b3145760db5d58a107fd1ffd8eeec67d983d45f3	packages/SystemUI/src/com/android/systemui/media/MediaProjectionPermissionActivity.java	onCreate
CVE-2015-6621	e70e8ac93807c51240b2cd9afed35bf454ea00b3	packages/SystemUI/src/com/android/systemui/statusbar/BaseStatusBar.java	makeClicker
CVE-2015-6621	e70e8ac93807c51240b2cd9afed35bf454ea00b3	packages/SystemUI/src/com/android/systemui/statusbar/phone/StatusBarHeaderView.java	onClick
CVE-2015-6630	51c2619c7706575a171cf29819db14e91b815a62	packages/SystemUI/src/com/android/systemui/statusbar/phone/PhoneStatusBarPolicy.java	
CVE-2015-6630	51c2619c7706575a171cf29819db14e91b815a62	packages/SystemUI/src/com/android/systemui/statusbar/phone/PhoneStatusBarPolicy.java	updateCast
CVE-2015-6645	c0f39c1ece72a05c796f7ba30b7a2b5b580d5025	core/java/android/content/PeriodicSync.java	syncExtrasEquals
CVE-2015-6645	c0f39c1ece72a05c796f7ba30b7a2b5b580d5025	services/core/java/com/android/server/content/SyncManager.java	syncExtrasEquals
CVE-2016-0812	84669ca8de55d38073a0dcb01074233b0a417541	policy/src/com/android/internal/policy/impl/PhoneWindowManager.java	interceptKeyBeforeDispatching
CVE-2016-0813	16a76dadcc23a13223e9c2216dad1fe5cad7d6e1	packages/SystemUI/src/com/android/systemui/recents/AlternateRecentsComponent.java	onShowRecents
CVE-2016-0813	16a76dadcc23a13223e9c2216dad1fe5cad7d6e1	packages/SystemUI/src/com/android/systemui/recents/AlternateRecentsComponent.java	onHideRecents
CVE-2016-0813	16a76dadcc23a13223e9c2216dad1fe5cad7d6e1	packages/SystemUI/src/com/android/systemui/recents/AlternateRecentsComponent.java	onToggleRecents
CVE-2016-0813	16a76dadcc23a13223e9c2216dad1fe5cad7d6e1	packages/SystemUI/src/com/android/systemui/recents/AlternateRecentsComponent.java	onPreloadRecents
CVE-2016-0813	16a76dadcc23a13223e9c2216dad1fe5cad7d6e1	packages/SystemUI/src/com/android/systemui/recents/AlternateRecentsComponent.java	onShowNextAffiliatedTask
CVE-2016-0813	16a76dadcc23a13223e9c2216dad1fe5cad7d6e1	packages/SystemUI/src/com/android/systemui/recents/AlternateRecentsComponent.java	onShowPrevAffiliatedTask
CVE-2016-0813	16a76dadcc23a13223e9c2216dad1fe5cad7d6e1	packages/SystemUI/src/com/android/systemui/recents/AlternateRecentsComponent.java	consumeInstanceLoadPlan
CVE-2016-2457	12332e05f632794e18ea8c4ac52c98e82532e5db	services/core/java/com/android/server/pm/UserManagerService.java	systemReady
CVE-2016-2457	12332e05f632794e18ea8c4ac52c98e82532e5db	services/core/java/com/android/server/pm/UserManagerService.java	initDefaultGuestRestrictions
CVE-2016-2500	9878bb99b77c3681f0fda116e2964bac26f349c3	services/core/java/com/android/server/am/ActivityManagerService.java	removeLruProcessLocked
CVE-2016-2500	9878bb99b77c3681f0fda116e2964bac26f349c3	services/core/java/com/android/server/am/ActivityManagerService.java	startProcessLocked
CVE-2016-2500	9878bb99b77c3681f0fda116e2964bac26f349c3	services/core/java/com/android/server/am/ActivityManagerService.java	appDiedLocked
CVE-2016-2500	9878bb99b77c3681f0fda116e2964bac26f349c3	services/core/java/com/android/server/am/ProcessRecord.java	kill
CVE-2016-3749	e83f0f6a5a6f35323f5367f99c8e287c440f33f5	services/core/java/com/android/server/LockSettingsService.java	setLockPattern
CVE-2016-3749	e83f0f6a5a6f35323f5367f99c8e287c440f33f5	services/core/java/com/android/server/LockSettingsService.java	setLockPassword
CVE-2016-3752	ddbf2db5b946be8fdc45c7b0327bf560b2a06988	core/java/com/android/internal/app/ChooserActivity.java	startAsCaller
CVE-2016-3759	9b8c6d2df35455ce9e67907edded1e4a2ecb9e28	services/backup/java/com/android/server/backup/BackupManagerService.java	toString
CVE-2016-3759	9b8c6d2df35455ce9e67907edded1e4a2ecb9e28	services/backup/java/com/android/server/backup/BackupManagerService.java	BackupManagerService
CVE-2016-3759	9b8c6d2df35455ce9e67907edded1e4a2ecb9e28	services/backup/java/com/android/server/backup/BackupManagerService.java	bindTransport
CVE-2016-3759	9b8c6d2df35455ce9e67907edded1e4a2ecb9e28	services/backup/java/com/android/server/backup/BackupManagerService.java	dumpInternal
CVE-2016-3759	9b8c6d2df35455ce9e67907edded1e4a2ecb9e28	services/core/java/com/android/server/SystemConfig.java	getInstance
CVE-2016-3759	9b8c6d2df35455ce9e67907edded1e4a2ecb9e28	services/core/java/com/android/server/SystemConfig.java	readPermissionsFromXml
CVE-2016-3763	ec2fc50d202d975447211012997fe425496c849c	core/java/android/net/PacProxySelector.java	PacProxySelector
CVE-2016-3832	e7cf91a198de995c7440b3b64352effd2e309906	core/java/android/app/ActivityManagerNative.java	onTransact
CVE-2016-3832	e7cf91a198de995c7440b3b64352effd2e309906	core/java/android/app/ActivityManagerNative.java	peekService
CVE-2016-3832	e7cf91a198de995c7440b3b64352effd2e309906	core/java/android/app/ActivityManagerNative.java	bindBackupAgent
CVE-2016-3832	e7cf91a198de995c7440b3b64352effd2e309906	core/java/android/app/IActivityManager.java	peekService
CVE-2016-3832	e7cf91a198de995c7440b3b64352effd2e309906	services/backup/java/com/android/server/backup/BackupManagerService.java	bindToAgentSynchronous
CVE-2016-3832	e7cf91a198de995c7440b3b64352effd2e309906	services/core/java/com/android/server/am/ActivityManagerService.java	serviceDoneExecuting
CVE-2016-3832	e7cf91a198de995c7440b3b64352effd2e309906	services/core/java/com/android/server/am/ActivityManagerService.java	bindBackupAgent
CVE-2016-3833	01875b0274e74f97edf6b0d5c92de822e0555d03	services/core/java/com/android/server/pm/UserManagerService.java	systemReady
CVE-2016-3833	01875b0274e74f97edf6b0d5c92de822e0555d03	services/core/java/com/android/server/pm/UserManagerService.java	getUserInfo
CVE-2016-3833	01875b0274e74f97edf6b0d5c92de822e0555d03	services/core/java/com/android/server/pm/UserManagerService.java	checkManageUsersPermission
CVE-2016-3833	01875b0274e74f97edf6b0d5c92de822e0555d03	services/core/java/com/android/server/pm/UserManagerService.java	createProfileForUser
CVE-2016-3833	01875b0274e74f97edf6b0d5c92de822e0555d03	services/core/java/com/android/server/pm/UserManagerService.java	createUser
CVE-2016-3833	01875b0274e74f97edf6b0d5c92de822e0555d03	services/core/java/com/android/server/pm/UserManagerService.java	removeUser
CVE-2016-3833	4e4743a354e26467318b437892a9980eb9b8328a	cmds/pm/src/com/android/commands/pm/Pm.java	run
CVE-2016-3833	4e4743a354e26467318b437892a9980eb9b8328a	cmds/pm/src/com/android/commands/pm/Pm.java	runMovePrimaryStorage
CVE-2016-3838	468651c86a8adb7aa56c708d2348e99022088af3	packages/Keyguard/src/com/android/keyguard/EmergencyButton.java	takeEmergencyCallAction
CVE-2016-3838	468651c86a8adb7aa56c708d2348e99022088af3	services/core/java/com/android/server/am/ActivityManagerService.java	stopLockTaskMode
CVE-2016-3838	468651c86a8adb7aa56c708d2348e99022088af3	services/core/java/com/android/server/am/ActivityStackSupervisor.java	showLockTaskToast
CVE-2016-2497	a75537b496e9df71c74c1d045ba5569631a16298	core/java/android/content/IntentFilter.java	match
CVE-2016-2497	a75537b496e9df71c74c1d045ba5569631a16298	core/java/android/content/IntentFilter.java	match
CVE-2016-2497	a75537b496e9df71c74c1d045ba5569631a16298	services/core/java/com/android/server/pm/PackageManagerService.java	grantSignaturePermission
CVE-2016-2497	a75537b496e9df71c74c1d045ba5569631a16298	services/core/java/com/android/server/pm/PackageManagerService.java	addActivity
CVE-2016-2497	a75537b496e9df71c74c1d045ba5569631a16298	services/core/java/com/android/server/pm/PackageManagerService.java	dumpFilterLabel
CVE-2016-2497	a75537b496e9df71c74c1d045ba5569631a16298	services/core/java/com/android/server/pm/PackageManagerService.java	doPreCopy
CVE-2016-3862	e739d9ca5469ed30129d0fa228e3d0f2878671ac	media/java/android/media/ExifInterface.java	ExifInterface
CVE-2016-3862	e739d9ca5469ed30129d0fa228e3d0f2878671ac	media/java/android/media/ExifInterface.java	getAttribute
CVE-2016-3862	e739d9ca5469ed30129d0fa228e3d0f2878671ac	media/java/android/media/ExifInterface.java	getAttributeInt
CVE-2016-3862	e739d9ca5469ed30129d0fa228e3d0f2878671ac	media/java/android/media/ExifInterface.java	getAttributeDouble
CVE-2016-3862	e739d9ca5469ed30129d0fa228e3d0f2878671ac	media/java/android/media/ExifInterface.java	setAttribute
CVE-2016-3862	e739d9ca5469ed30129d0fa228e3d0f2878671ac	media/java/android/media/ExifInterface.java	loadAttributes
CVE-2016-3862	e739d9ca5469ed30129d0fa228e3d0f2878671ac	media/java/android/media/ExifInterface.java	saveAttributes
CVE-2016-3862	e739d9ca5469ed30129d0fa228e3d0f2878671ac	media/java/android/media/ExifInterface.java	hasThumbnail
CVE-2016-3862	e739d9ca5469ed30129d0fa228e3d0f2878671ac	media/java/android/media/ExifInterface.java	getLatLong
CVE-2016-3862	e739d9ca5469ed30129d0fa228e3d0f2878671ac	media/java/android/media/ExifInterface.java	getAltitude
CVE-2016-3862	e739d9ca5469ed30129d0fa228e3d0f2878671ac	media/java/android/media/ExifInterface.java	getDateTime
CVE-2016-3862	e739d9ca5469ed30129d0fa228e3d0f2878671ac	media/java/android/media/ExifInterface.java	getGpsDateTime
CVE-2016-3862	e739d9ca5469ed30129d0fa228e3d0f2878671ac	media/java/android/media/ExifInterface.java	convertRationalLatLonToFloat
CVE-2016-3862	e739d9ca5469ed30129d0fa228e3d0f2878671ac	media/java/android/media/ExifInterface.java	appendThumbnailNative
CVE-2016-3862	e739d9ca5469ed30129d0fa228e3d0f2878671ac	media/java/android/media/ExifInterface.java	saveAttributesNative
CVE-2016-3875	69729fa8b13cadbf3173fe1f389fe4f3b7bd0f9c	services/core/java/com/android/server/wm/WindowManagerService.java	detectSafeMode
CVE-2016-3876	91fc934bb2e5ea59929bb2f574de6db9b5100745	packages/SettingsProvider/src/com/android/providers/settings/SettingsProvider.java	isGlobalOrSecureSettingRestrictedForUser
CVE-2016-3876	91fc934bb2e5ea59929bb2f574de6db9b5100745	services/core/java/com/android/server/pm/UserRestrictionsUtils.java	applyUserRestriction
CVE-2016-3884	61e9103b5725965568e46657f4781dd8f2e5b623	services/core/java/com/android/server/notification/NotificationManagerService.java	enforcePolicyAccess
CVE-2016-3884	61e9103b5725965568e46657f4781dd8f2e5b623	services/core/java/com/android/server/notification/NotificationManagerService.java	checkCallerIsSystemOrSameApp
CVE-2016-3886	6ca6cd5a50311d58a1b7bf8fbef3f9aa29eadcd5	packages/SystemUI/src/com/android/systemui/statusbar/phone/QuickStatusBarHeader.java	onClick
CVE-2016-3886	6ca6cd5a50311d58a1b7bf8fbef3f9aa29eadcd5	packages/SystemUI/src/com/android/systemui/statusbar/phone/QuickStatusBarHeader.java	run
CVE-2016-3887	335702d106797bce8a88044783fa1fc1d5f751d0	packages/SettingsProvider/src/com/android/providers/settings/SettingsProvider.java	mutateGlobalSetting
CVE-2016-3887	335702d106797bce8a88044783fa1fc1d5f751d0	packages/SettingsProvider/src/com/android/providers/settings/SettingsProvider.java	mutateSecureSetting
CVE-2016-3887	335702d106797bce8a88044783fa1fc1d5f751d0	packages/SettingsProvider/src/com/android/providers/settings/SettingsProvider.java	isGlobalOrSecureSettingRestrictedForUser
CVE-2016-3897	55271d454881b67ff38485fdd97598c542cc2d55	wifi/java/android/net/wifi/WifiEnterpriseConfig.java	toString
CVE-2016-3897	81be4e3aac55305cbb5c9d523cf5c96c66604b39	wifi/java/android/net/wifi/WifiEnterpriseConfig.java	toString
CVE-2016-3908	96daf7d4893f614714761af2d53dfb93214a32e4	core/java/com/android/internal/widget/LockPatternUtils.java	checkPattern
CVE-2016-3908	96daf7d4893f614714761af2d53dfb93214a32e4	core/java/com/android/internal/widget/LockPatternUtils.java	checkPassword
CVE-2016-3908	96daf7d4893f614714761af2d53dfb93214a32e4	services/core/java/com/android/server/LockSettingsService.java	doVerifyPattern
CVE-2016-3908	96daf7d4893f614714761af2d53dfb93214a32e4	services/core/java/com/android/server/LockSettingsService.java	doVerifyPassword
CVE-2016-3911	2c7008421cb67f5d89f16911bdbe36f6c35311ad	core/java/android/os/Process.java	zygoteSendArgsAndGetResult
CVE-2016-3912	6c049120c2d749f0c0289d822ec7d0aa692f55c5	services/core/java/com/android/server/am/ActivityManagerService.java	startProcessLocked
CVE-2016-3912	6c049120c2d749f0c0289d822ec7d0aa692f55c5	services/core/java/com/android/server/am/ActivityManagerService.java	handleAppDiedLocked
CVE-2016-3912	6c049120c2d749f0c0289d822ec7d0aa692f55c5	services/core/java/com/android/server/am/ActivityManagerService.java	cleanUpApplicationRecordLocked
CVE-2016-3912	6c049120c2d749f0c0289d822ec7d0aa692f55c5	services/core/java/com/android/server/am/ActivityManagerService.java	trimApplications
CVE-2016-3912	6c049120c2d749f0c0289d822ec7d0aa692f55c5	services/core/java/com/android/server/am/BroadcastQueue.java	sendPendingBroadcastsLocked
CVE-2016-3917	f5334952131afa835dd3f08601fb3bced7b781cd	core/java/android/hardware/fingerprint/FingerprintManager.java	getOpId
CVE-2016-3917	f5334952131afa835dd3f08601fb3bced7b781cd	core/java/android/hardware/fingerprint/FingerprintManager.java	AuthenticationResult
CVE-2016-3917	f5334952131afa835dd3f08601fb3bced7b781cd	core/java/android/hardware/fingerprint/FingerprintManager.java	handleMessage
CVE-2016-3917	f5334952131afa835dd3f08601fb3bced7b781cd	core/java/android/hardware/fingerprint/FingerprintManager.java	sendEnrollResult
CVE-2016-3917	f5334952131afa835dd3f08601fb3bced7b781cd	core/java/android/hardware/fingerprint/FingerprintManager.java	sendAuthenticatedSucceeded
CVE-2016-3917	f5334952131afa835dd3f08601fb3bced7b781cd	core/java/android/hardware/fingerprint/FingerprintManager.java	onAcquired
CVE-2016-3917	f5334952131afa835dd3f08601fb3bced7b781cd	packages/Keyguard/src/com/android/keyguard/KeyguardUpdateMonitor.java	handleFingerprintAcquired
CVE-2016-3917	f5334952131afa835dd3f08601fb3bced7b781cd	packages/Keyguard/src/com/android/keyguard/KeyguardUpdateMonitor.java	handleFingerprintAuthenticated
CVE-2016-3917	f5334952131afa835dd3f08601fb3bced7b781cd	packages/Keyguard/src/com/android/keyguard/KeyguardUpdateMonitor.java	onAuthenticationSucceeded
CVE-2016-3917	f5334952131afa835dd3f08601fb3bced7b781cd	services/core/java/com/android/server/fingerprint/AuthenticationClient.java	AuthenticationClient
CVE-2016-3917	f5334952131afa835dd3f08601fb3bced7b781cd	services/core/java/com/android/server/fingerprint/AuthenticationClient.java	onAuthenticated
CVE-2016-3917	f5334952131afa835dd3f08601fb3bced7b781cd	services/core/java/com/android/server/fingerprint/FingerprintService.java	startAuthentication
CVE-2016-3923	5f256310187b4ff2f13a7abb9afed9126facd7bc	core/java/android/accessibilityservice/AccessibilityService.java	dispatchGesture
CVE-2016-3923	5f256310187b4ff2f13a7abb9afed9126facd7bc	core/java/android/accessibilityservice/GestureDescription.java	hasPointForTime
CVE-2016-3923	5f256310187b4ff2f13a7abb9afed9126facd7bc	core/java/android/accessibilityservice/GestureDescription.java	copyFrom
CVE-2016-3923	5f256310187b4ff2f13a7abb9afed9126facd7bc	services/accessibility/java/com/android/server/accessibility/AccessibilityManagerService.java	focusSearch
CVE-2016-3923	5f256310187b4ff2f13a7abb9afed9126facd7bc	services/accessibility/java/com/android/server/accessibility/AccessibilityManagerService.java	sendMotionEvents
CVE-2016-6708	c9c73fde339b4db496f2c1ff8c18df1e9db5a7c1	services/core/java/com/android/server/am/ActivityManagerService.java	setFocusedTask
CVE-2016-6708	c9c73fde339b4db496f2c1ff8c18df1e9db5a7c1	services/core/java/com/android/server/am/ActivityManagerService.java	notifyLockedProfile
CVE-2016-6708	c9c73fde339b4db496f2c1ff8c18df1e9db5a7c1	services/core/java/com/android/server/am/ActivityStackSupervisor.java	isUserLockedProfile
CVE-2016-6708	c9c73fde339b4db496f2c1ff8c18df1e9db5a7c1	services/core/java/com/android/server/am/ActivityStackSupervisor.java	moveTasksToFullscreenStackLocked
CVE-2016-6708	c9c73fde339b4db496f2c1ff8c18df1e9db5a7c1	services/core/java/com/android/server/am/ActivityStackSupervisor.java	restoreRecentTaskLocked
CVE-2016-6708	c9c73fde339b4db496f2c1ff8c18df1e9db5a7c1	services/core/java/com/android/server/am/ActivityStackSupervisor.java	moveTaskToStackUncheckedLocked
CVE-2016-6708	c9c73fde339b4db496f2c1ff8c18df1e9db5a7c1	services/core/java/com/android/server/am/ActivityStarter.java	showConfirmDeviceCredential
CVE-2016-6708	c9c73fde339b4db496f2c1ff8c18df1e9db5a7c1	services/devicepolicy/java/com/android/server/devicepolicy/DevicePolicyManagerService.java	getTelephonyManager
CVE-2016-6708	c9c73fde339b4db496f2c1ff8c18df1e9db5a7c1	services/devicepolicy/java/com/android/server/devicepolicy/DevicePolicyManagerService.java	lockNow
CVE-2016-6715	3de09838fb0996bb4b420630800ad34e828fd1b6	services/core/java/com/android/server/media/MediaSessionService.java	dispatchMediaKeyEvent
CVE-2016-6718	fecfd550edeca422c0d9f32a9c0abe73398a1ff1	core/java/android/accounts/AccountManager.java	removeOnAccountsUpdatedListener
CVE-2016-6718	fecfd550edeca422c0d9f32a9c0abe73398a1ff1	core/java/android/accounts/AccountManager.java	doWork
CVE-2016-6718	fecfd550edeca422c0d9f32a9c0abe73398a1ff1	services/core/java/com/android/server/accounts/AccountManagerService.java	startAddAccountSession
CVE-2016-6718	fecfd550edeca422c0d9f32a9c0abe73398a1ff1	services/core/java/com/android/server/accounts/AccountManagerService.java	onResult
CVE-2016-6723	d5b0d0b1df2e1a7943a4bb2034fd21487edd0264	services/core/java/com/android/server/connectivity/PacManager.java	run
CVE-2016-6723	d5b0d0b1df2e1a7943a4bb2034fd21487edd0264	services/core/java/com/android/server/connectivity/PacManager.java	onReceive
CVE-2016-6723	d5b0d0b1df2e1a7943a4bb2034fd21487edd0264	services/core/java/com/android/server/connectivity/PacManager.java	PacManager
CVE-2016-6723	d5b0d0b1df2e1a7943a4bb2034fd21487edd0264	services/core/java/com/android/server/connectivity/PacManager.java	get
CVE-2016-6723	d5b0d0b1df2e1a7943a4bb2034fd21487edd0264	services/core/java/com/android/server/connectivity/PacManager.java	onServiceConnected
CVE-2016-6723	31f351160cdfd9dbe9919682ebe41bde3bcf91c6	services/core/java/com/android/server/connectivity/PacManager.java	bind
CVE-2016-6724	7625010a2d22f8c3f1aeae2ef88dde37cbebd0bf	services/core/java/com/android/server/InputMethodManagerService.java	buildInputMethodListLocked
CVE-2016-6770	2c61c57ac53cbb270b4e76b9d04465f8a3f6eadc	services/core/java/com/android/server/am/ActivityManagerService.java	onChange
CVE-2016-6770	2c61c57ac53cbb270b4e76b9d04465f8a3f6eadc	services/core/java/com/android/server/am/ActivityManagerService.java	batterySendBroadcast
CVE-2016-6774	e2d4f5fc313ecb4ba587b20fff6d346f8cd51775	services/core/java/com/android/server/pm/PackageManagerShellCommand.java	doWriteSplit
CVE-2017-0388	47e62b7fe6807a274ba760a8fecfd624fe792da9	packages/ExternalStorageProvider/src/com/android/externalstorage/ExternalStorageProvider.java	updateVolumesLocked
CVE-2017-0389	a014b6be3c7c6fb5cf9352a05baf84fca7a133c7	services/tests/servicestests/src/android/net/dhcp/DhcpPacketTest.java	testBadOfferWithoutACookie
CVE-2017-0389	a014b6be3c7c6fb5cf9352a05baf84fca7a133c7	services/tests/servicestests/src/android/net/dhcp/DhcpPacketTest.java	assertDhcpErrorCodes
CVE-2017-0389	47e81a2596b00ee7aaca58716ff164a1708b0b29	services/net/java/android/net/dhcp/DhcpClient.java	run
CVE-2017-0411	203725e4d58e16334d84998c1483c374f541ed9f	core/java/android/util/MemoryIntArray.java	MemoryIntArray
CVE-2017-0411	203725e4d58e16334d84998c1483c374f541ed9f	core/java/android/util/MemoryIntArray.java	MemoryIntArray
CVE-2017-0411	203725e4d58e16334d84998c1483c374f541ed9f	core/java/android/util/MemoryIntArray.java	isWritable
CVE-2017-0411	203725e4d58e16334d84998c1483c374f541ed9f	core/java/android/util/MemoryIntArray.java	get
CVE-2017-0411	203725e4d58e16334d84998c1483c374f541ed9f	core/java/android/util/MemoryIntArray.java	set
CVE-2017-0411	203725e4d58e16334d84998c1483c374f541ed9f	core/java/android/util/MemoryIntArray.java	close
CVE-2017-0411	203725e4d58e16334d84998c1483c374f541ed9f	core/java/android/util/MemoryIntArray.java	writeToParcel
CVE-2017-0411	203725e4d58e16334d84998c1483c374f541ed9f	core/java/android/util/MemoryIntArray.java	hashCode
CVE-2017-0411	203725e4d58e16334d84998c1483c374f541ed9f	core/java/android/util/MemoryIntArray.java	enforceWritable
CVE-2017-0411	203725e4d58e16334d84998c1483c374f541ed9f	core/java/android/util/MemoryIntArray.java	createFromParcel
CVE-2017-0411	203725e4d58e16334d84998c1483c374f541ed9f	core/jni/android_util_MemoryIntArray.cpp	android_util_MemoryIntArray_open
CVE-2017-0411	203725e4d58e16334d84998c1483c374f541ed9f	core/jni/android_util_MemoryIntArray.cpp	android_util_MemoryIntArray_get
CVE-2017-0411	203725e4d58e16334d84998c1483c374f541ed9f	core/jni/android_util_MemoryIntArray.cpp	android_util_MemoryIntArray_set
CVE-2017-0411	203725e4d58e16334d84998c1483c374f541ed9f	core/tests/utiltests/src/android/util/MemoryIntArrayTest.java	testSize
CVE-2017-0411	203725e4d58e16334d84998c1483c374f541ed9f	core/tests/utiltests/src/android/util/MemoryIntArrayTest.java	testGetSet
CVE-2017-0411	203725e4d58e16334d84998c1483c374f541ed9f	core/tests/utiltests/src/android/util/MemoryIntArrayTest.java	testWritable
CVE-2017-0411	203725e4d58e16334d84998c1483c374f541ed9f	core/tests/utiltests/src/android/util/MemoryIntArrayTest.java	testClose
CVE-2017-0411	203725e4d58e16334d84998c1483c374f541ed9f	core/tests/utiltests/src/android/util/MemoryIntArrayTest.java	testMarshalledGetSet
CVE-2017-0411	203725e4d58e16334d84998c1483c374f541ed9f	core/tests/utiltests/src/android/util/MemoryIntArrayTest.java	testInteractOnceClosed
CVE-2017-0411	203725e4d58e16334d84998c1483c374f541ed9f	core/tests/utiltests/src/android/util/MemoryIntArrayTest.java	testInteractPutOfBounds
CVE-2017-0411	203725e4d58e16334d84998c1483c374f541ed9f	core/tests/utiltests/src/android/util/MemoryIntArrayTest.java	testOverMaxSize
CVE-2017-0411	203725e4d58e16334d84998c1483c374f541ed9f	core/tests/utiltests/src/android/util/MemoryIntArrayTest.java	testNotMutableByUnprivilegedClients
CVE-2017-0411	203725e4d58e16334d84998c1483c374f541ed9f	core/tests/utiltests/src/android/util/RemoteIntArray.java	RemoteIntArray
CVE-2017-0411	203725e4d58e16334d84998c1483c374f541ed9f	core/tests/utiltests/src/android/util/RemoteIntArray.java	destroy
CVE-2017-0411	203725e4d58e16334d84998c1483c374f541ed9f	core/tests/utiltests/src/android/util/RemoteMemoryIntArrayService.java	onBind
CVE-2017-0411	203725e4d58e16334d84998c1483c374f541ed9f	core/tests/utiltests/src/android/util/RemoteMemoryIntArrayService.java	create
CVE-2017-0411	203725e4d58e16334d84998c1483c374f541ed9f	core/tests/utiltests/src/android/util/RemoteMemoryIntArrayService.java	isClosed
CVE-2017-0411	203725e4d58e16334d84998c1483c374f541ed9f	packages/SettingsProvider/src/com/android/providers/settings/GenerationRegistry.java	getBackingStoreLocked
CVE-2017-0411	31a06019d13d7b00ca35fc8512191c643acb8e84	core/tests/utiltests/Android.mk	$
CVE-2017-0412	203725e4d58e16334d84998c1483c374f541ed9f	core/java/android/util/MemoryIntArray.java	MemoryIntArray
CVE-2017-0412	203725e4d58e16334d84998c1483c374f541ed9f	core/java/android/util/MemoryIntArray.java	MemoryIntArray
CVE-2017-0412	203725e4d58e16334d84998c1483c374f541ed9f	core/java/android/util/MemoryIntArray.java	isWritable
CVE-2017-0412	203725e4d58e16334d84998c1483c374f541ed9f	core/java/android/util/MemoryIntArray.java	get
CVE-2017-0412	203725e4d58e16334d84998c1483c374f541ed9f	core/java/android/util/MemoryIntArray.java	set
CVE-2017-0412	203725e4d58e16334d84998c1483c374f541ed9f	core/java/android/util/MemoryIntArray.java	close
CVE-2017-0412	203725e4d58e16334d84998c1483c374f541ed9f	core/java/android/util/MemoryIntArray.java	writeToParcel
CVE-2017-0412	203725e4d58e16334d84998c1483c374f541ed9f	core/java/android/util/MemoryIntArray.java	hashCode
CVE-2017-0412	203725e4d58e16334d84998c1483c374f541ed9f	core/java/android/util/MemoryIntArray.java	enforceWritable
CVE-2017-0412	203725e4d58e16334d84998c1483c374f541ed9f	core/java/android/util/MemoryIntArray.java	createFromParcel
CVE-2017-0412	203725e4d58e16334d84998c1483c374f541ed9f	core/jni/android_util_MemoryIntArray.cpp	android_util_MemoryIntArray_open
CVE-2017-0412	203725e4d58e16334d84998c1483c374f541ed9f	core/jni/android_util_MemoryIntArray.cpp	android_util_MemoryIntArray_get
CVE-2017-0412	203725e4d58e16334d84998c1483c374f541ed9f	core/jni/android_util_MemoryIntArray.cpp	android_util_MemoryIntArray_set
CVE-2017-0412	203725e4d58e16334d84998c1483c374f541ed9f	core/tests/utiltests/src/android/util/MemoryIntArrayTest.java	testSize
CVE-2017-0412	203725e4d58e16334d84998c1483c374f541ed9f	core/tests/utiltests/src/android/util/MemoryIntArrayTest.java	testGetSet
CVE-2017-0412	203725e4d58e16334d84998c1483c374f541ed9f	core/tests/utiltests/src/android/util/MemoryIntArrayTest.java	testWritable
CVE-2017-0412	203725e4d58e16334d84998c1483c374f541ed9f	core/tests/utiltests/src/android/util/MemoryIntArrayTest.java	testClose
CVE-2017-0412	203725e4d58e16334d84998c1483c374f541ed9f	core/tests/utiltests/src/android/util/MemoryIntArrayTest.java	testMarshalledGetSet
CVE-2017-0412	203725e4d58e16334d84998c1483c374f541ed9f	core/tests/utiltests/src/android/util/MemoryIntArrayTest.java	testInteractOnceClosed
CVE-2017-0412	203725e4d58e16334d84998c1483c374f541ed9f	core/tests/utiltests/src/android/util/MemoryIntArrayTest.java	testInteractPutOfBounds
CVE-2017-0412	203725e4d58e16334d84998c1483c374f541ed9f	core/tests/utiltests/src/android/util/MemoryIntArrayTest.java	testOverMaxSize
CVE-2017-0412	203725e4d58e16334d84998c1483c374f541ed9f	core/tests/utiltests/src/android/util/MemoryIntArrayTest.java	testNotMutableByUnprivilegedClients
CVE-2017-0412	203725e4d58e16334d84998c1483c374f541ed9f	core/tests/utiltests/src/android/util/RemoteIntArray.java	RemoteIntArray
CVE-2017-0412	203725e4d58e16334d84998c1483c374f541ed9f	core/tests/utiltests/src/android/util/RemoteIntArray.java	destroy
CVE-2017-0412	203725e4d58e16334d84998c1483c374f541ed9f	core/tests/utiltests/src/android/util/RemoteMemoryIntArrayService.java	onBind
CVE-2017-0412	203725e4d58e16334d84998c1483c374f541ed9f	core/tests/utiltests/src/android/util/RemoteMemoryIntArrayService.java	create
CVE-2017-0412	203725e4d58e16334d84998c1483c374f541ed9f	core/tests/utiltests/src/android/util/RemoteMemoryIntArrayService.java	isClosed
CVE-2017-0412	203725e4d58e16334d84998c1483c374f541ed9f	packages/SettingsProvider/src/com/android/providers/settings/GenerationRegistry.java	getBackingStoreLocked
CVE-2017-0412	31a06019d13d7b00ca35fc8512191c643acb8e84	core/tests/utiltests/Android.mk	$
CVE-2017-0421	858064e946dc8dbf76bff9387e847e211703e336	services/core/java/com/android/server/am/ActivityManagerService.java	showLockTaskEscapeMessage
CVE-2017-0421	858064e946dc8dbf76bff9387e847e211703e336	services/core/java/com/android/server/am/ActivityManagerService.java	stopBinderTrackingAndDump
CVE-2017-0421	858064e946dc8dbf76bff9387e847e211703e336	services/core/java/com/android/server/content/ContentService.java	registerContentObserver
CVE-2017-0421	858064e946dc8dbf76bff9387e847e211703e336	services/core/java/com/android/server/content/ContentService.java	notifyChange
CVE-2017-0421	858064e946dc8dbf76bff9387e847e211703e336	services/core/java/com/android/server/content/ContentService.java	getCache
CVE-2017-0489	d22261fef84481651e12995062105239d551cbc6	services/core/java/com/android/server/LocationManagerService.java	setTestProviderLocation
CVE-2017-0492	f4bed684c939b0f8809ef404b8609fe4ef849263	core/java/android/widget/Toast.java	Toast
CVE-2017-0492	f4bed684c939b0f8809ef404b8609fe4ef849263	core/java/android/widget/Toast.java	cancel
CVE-2017-0492	f4bed684c939b0f8809ef404b8609fe4ef849263	core/java/android/widget/Toast.java	run
CVE-2017-0492	f4bed684c939b0f8809ef404b8609fe4ef849263	core/java/android/widget/Toast.java	handleMessage
CVE-2017-0492	f4bed684c939b0f8809ef404b8609fe4ef849263	core/java/android/widget/Toast.java	show
CVE-2017-0492	f4bed684c939b0f8809ef404b8609fe4ef849263	core/java/android/widget/Toast.java	hide
CVE-2017-0498	1c4d535d0806dbeb6d2fa5cea0373cbd9ab6d33b	core/java/android/service/persistentdata/PersistentDataBlockManager.java	PersistentDataBlockManager
CVE-2017-0498	1c4d535d0806dbeb6d2fa5cea0373cbd9ab6d33b	core/java/android/service/persistentdata/PersistentDataBlockManager.java	getMaximumDataBlockSize
CVE-2017-0498	1c4d535d0806dbeb6d2fa5cea0373cbd9ab6d33b	services/core/java/com/android/server/PersistentDataBlockService.java	write
CVE-2017-0498	1c4d535d0806dbeb6d2fa5cea0373cbd9ab6d33b	services/core/java/com/android/server/PersistentDataBlockService.java	wipe
CVE-2017-0560	efdec8f5688ce6b0a287eddb6d5dad93ffa0e1ee	services/devicepolicy/java/com/android/server/devicepolicy/DevicePolicyManagerService.java	getAlwaysOnVpnPackage
CVE-2017-0560	efdec8f5688ce6b0a287eddb6d5dad93ffa0e1ee	services/devicepolicy/java/com/android/server/devicepolicy/DevicePolicyManagerService.java	wipeData
CVE-2017-0560	efdec8f5688ce6b0a287eddb6d5dad93ffa0e1ee	services/devicepolicy/java/com/android/server/devicepolicy/DevicePolicyManagerService.java	run
CVE-2017-0560	efdec8f5688ce6b0a287eddb6d5dad93ffa0e1ee	services/devicepolicy/java/com/android/server/devicepolicy/DevicePolicyManagerService.java	reportFailedPasswordAttempt
CVE-2017-0593	78efbc95412b8efa9a44d573f5767ae927927d48	services/core/java/com/android/server/pm/PackageManagerService.java	installPackageLI
CVE-2017-0493	e4cefbf4fce458489b5f1bebc79dfaf566bcc5d5	core/java/android/app/admin/DevicePolicyManager.java	getPasswordMaximumLength
CVE-2017-0493	e4cefbf4fce458489b5f1bebc79dfaf566bcc5d5	core/java/android/app/admin/DevicePolicyManager.java	setActivePasswordState
CVE-2017-0493	e4cefbf4fce458489b5f1bebc79dfaf566bcc5d5	core/java/com/android/internal/widget/LockPatternUtils.java	clearLock
CVE-2017-0493	e4cefbf4fce458489b5f1bebc79dfaf566bcc5d5	core/java/com/android/internal/widget/LockPatternUtils.java	saveLockPattern
CVE-2017-0493	e4cefbf4fce458489b5f1bebc79dfaf566bcc5d5	core/java/com/android/internal/widget/LockPatternUtils.java	saveLockPassword
CVE-2017-0493	e4cefbf4fce458489b5f1bebc79dfaf566bcc5d5	services/core/java/com/android/server/LockSettingsService.java	setLockPattern
CVE-2017-0493	e4cefbf4fce458489b5f1bebc79dfaf566bcc5d5	services/core/java/com/android/server/LockSettingsService.java	setLockPatternInternal
CVE-2017-0493	e4cefbf4fce458489b5f1bebc79dfaf566bcc5d5	services/core/java/com/android/server/LockSettingsService.java	setLockPassword
CVE-2017-0493	e4cefbf4fce458489b5f1bebc79dfaf566bcc5d5	services/core/java/com/android/server/LockSettingsService.java	setLockPasswordInternal
CVE-2017-0493	e4cefbf4fce458489b5f1bebc79dfaf566bcc5d5	services/core/java/com/android/server/LockSettingsService.java	verifyCredential
CVE-2017-0493	e4cefbf4fce458489b5f1bebc79dfaf566bcc5d5	services/devicepolicy/java/com/android/server/devicepolicy/DevicePolicyManagerService.java	saveSettingsLocked
CVE-2017-0493	e4cefbf4fce458489b5f1bebc79dfaf566bcc5d5	services/devicepolicy/java/com/android/server/devicepolicy/DevicePolicyManagerService.java	loadSettingsLocked
CVE-2017-0493	e4cefbf4fce458489b5f1bebc79dfaf566bcc5d5	services/devicepolicy/java/com/android/server/devicepolicy/DevicePolicyManagerService.java	isActivePasswordSufficientForUserLocked
CVE-2017-0493	e4cefbf4fce458489b5f1bebc79dfaf566bcc5d5	services/devicepolicy/java/com/android/server/devicepolicy/DevicePolicyManagerService.java	setActivePasswordState
CVE-2017-0493	e4cefbf4fce458489b5f1bebc79dfaf566bcc5d5	services/devicepolicy/java/com/android/server/devicepolicy/DevicePolicyManagerService.java	enforceUserUnlocked
CVE-2017-0493	f806d65e615b942c268a5f68d44bde9d55634972	services/devicepolicy/java/com/android/server/devicepolicy/DevicePolicyManagerService.java	loadSettingsLocked
CVE-2017-0493	58552f814a03d978b4a6507f3c16f71964f9b28f	services/devicepolicy/java/com/android/server/devicepolicy/DevicePolicyManagerService.java	loadSettingsLocked
CVE-2017-0664	59773dc2f213c3e645c7e04881afa0a8e6ffccca	core/java/android/view/accessibility/AccessibilityNodeInfo.java	writeToParcel
CVE-2017-0664	59773dc2f213c3e645c7e04881afa0a8e6ffccca	core/java/android/view/accessibility/AccessibilityNodeInfo.java	initFromParcel
CVE-2017-0733	6f357fd589e115a74aae25b1ac325af6121cdadf	media/java/android/media/MediaHTTPConnection.java	teardownConnection
CVE-2017-0733	6f357fd589e115a74aae25b1ac325af6121cdadf	media/java/android/media/MediaHTTPConnection.java	seekTo
CVE-2017-0806	b87c968e5a41a1a09166199bf54eee12608f3900	core/java/android/service/gatekeeper/GateKeeperResponse.java	writeToParcel
CVE-2017-0830	d05d2bac845048f84eebad8060d28332b6eda259	services/devicepolicy/java/com/android/server/devicepolicy/DevicePolicyManagerService.java	setPermissionGrantState
CVE-2017-0830	d05d2bac845048f84eebad8060d28332b6eda259	services/devicepolicy/java/com/android/server/devicepolicy/DevicePolicyManagerService.java	isPackageInstalledForUser
CVE-2017-0871	8e151bf8999345399208d54663f103921ae5e1c6	core/java/android/os/ParcelableException.java	readFromParcel
CVE-2017-13157	dba1bb07e04b51b1bd0a1251711781e731ce9524	services/core/java/com/android/server/accounts/AccountManagerService.java	checkKeyIntent
CVE-2017-13157	dba1bb07e04b51b1bd0a1251711781e731ce9524	services/core/java/com/android/server/am/ActivityManagerService.java	checkGrantUriPermissionLocked
CVE-2017-13158	dba1bb07e04b51b1bd0a1251711781e731ce9524	services/core/java/com/android/server/accounts/AccountManagerService.java	checkKeyIntent
CVE-2017-13158	dba1bb07e04b51b1bd0a1251711781e731ce9524	services/core/java/com/android/server/am/ActivityManagerService.java	checkGrantUriPermissionLocked
CVE-2017-13176	4afa0352d6c1046f9e9b67fbf0011bcd751fcbb5	core/java/android/net/Uri.java	parseUserInfo
CVE-2017-13176	4afa0352d6c1046f9e9b67fbf0011bcd751fcbb5	core/java/android/net/Uri.java	parseHost
CVE-2017-13176	4afa0352d6c1046f9e9b67fbf0011bcd751fcbb5	core/java/android/net/Uri.java	parsePort
CVE-2017-13176	4afa0352d6c1046f9e9b67fbf0011bcd751fcbb5	core/tests/coretests/src/android/net/UriTest.java	testAuthorityParsing
